Trace Duration,Total Tested,Correct,Incorrect,Accuracy
month,62,35,27,0.56452
week,225,117,108,0.52
day,1572,688,884,0.43766
hour,22433,6575,15858,0.29309
